,Dmix,Lmix,X,pressure
0,0.004,0.03,0.006142579366666668,8499235.333333334
1,0.004,0.03,0.014379050000000003,8496512.666666666
2,0.004,0.03,0.020486183333333338,8305612.666666667
3,0.004,0.03,0.02445822333333333,5825839.333333333
4,0.004,0.03,0.02614125,4054637.3333333335
5,0.004,0.03,0.027169523333333334,1212636.0666666667
6,0.004,0.03,0.027322020000000002,1217160.0
7,0.004,0.03,0.027326976666666666,1231329.3333333333
