,Dmix,Lmix,X,pressure
0,0.004,0.02,0.006142579700000001,8499235.666666666
1,0.004,0.02,0.014379053333333334,8496512.333333334
2,0.004,0.02,0.020486183333333338,8305612.666666667
3,0.004,0.02,0.02445822333333333,5825839.333333333
4,0.004,0.02,0.02614125,4054601.3333333335
5,0.004,0.02,0.02717390666666667,1197003.1666666667
6,0.004,0.02,0.027330650000000005,1193268.0
7,0.004,0.02,0.02733577666666667,1207776.3333333333
