,Dmix,Lmix,X,pressure
0,0.003,0.04,0.0053508264,8499285.333333334
1,0.003,0.04,0.013060493333333334,8497928.0
2,0.003,0.04,0.01830708,8477904.666666666
3,0.003,0.04,0.02307425,7203249.666666667
4,0.003,0.04,0.02519753666666667,5191108.333333333
5,0.003,0.04,0.02634044666666667,3628212.0
6,0.003,0.04,0.02715695666666667,1154151.9333333333
7,0.003,0.04,0.027381256666666666,976723.1333333333
8,0.003,0.04,0.027389700000000003,1011069.6666666666
