,Dmix,Lmix,X,pressure
0,0.003,0.02,0.005350826466666667,8499285.333333334
1,0.003,0.02,0.013060493333333334,8497928.333333334
2,0.003,0.02,0.01830708,8477904.666666666
3,0.003,0.02,0.02307425,7203249.333333333
4,0.003,0.02,0.02519753666666667,5191106.333333333
5,0.003,0.02,0.02634044666666667,3628289.3333333335
6,0.003,0.02,0.027112379999999995,1727019.3333333333
7,0.003,0.02,0.027224839999999997,2304028.6666666665
8,0.003,0.02,0.02722794333333334,2314078.0
