,Dmix,Lmix,X,pressure
0,0.003,0.01,0.0053508260666666665,8499285.333333334
1,0.003,0.01,0.013060493333333334,8497928.333333334
2,0.003,0.01,0.01830708,8477904.666666666
3,0.003,0.01,0.02307425,7203249.0
4,0.003,0.01,0.02519753666666667,5191104.333333333
5,0.003,0.01,0.02634044666666667,3628297.0
6,0.003,0.01,0.027096373333333333,1353385.9666666666
7,0.003,0.01,0.027194003333333334,1581527.3333333333
8,0.003,0.01,0.02719679333333334,1593983.3333333333
