,Dmix,Lmix,X,pressure
0,0.003,0.01,0.005351515066666667,8499305.0
1,0.003,0.01,0.013089066666666668,8498034.333333334
2,0.003,0.01,0.018393483333333335,8478838.666666666
3,0.003,0.01,0.023212586666666663,7181476.0
4,0.003,0.01,0.02534330666666667,5191131.333333333
5,0.003,0.01,0.02645021333333334,3276110.3333333335
6,0.003,0.01,0.02728536333333333,2640122.0
7,0.003,0.01,0.028167593333333334,4205198.333333333
8,0.003,0.01,0.02898582333333333,2627070.6666666665
9,0.003,0.01,0.029887473333333338,3510599.0
10,0.003,0.01,0.031016376666666668,2414245.3333333335
11,0.003,0.01,0.03231208,2627765.3333333335
12,0.003,0.01,0.033632923333333335,2660435.6666666665
13,0.003,0.01,0.03495359333333334,2593088.6666666665
14,0.003,0.01,0.03630477,2693469.6666666665
15,0.003,0.01,0.03761131333333333,2746566.6666666665
16,0.003,0.01,0.038962699999999996,2717450.6666666665
17,0.003,0.01,0.040566333333333336,2340898.3333333335
18,0.003,0.01,0.04324645333333333,3025378.3333333335
19,0.003,0.01,0.04625366,3359551.6666666665
20,0.003,0.01,0.04926093666666666,3508985.6666666665
21,0.003,0.01,0.05226818,3595148.3333333335
22,0.003,0.01,0.05527535666666667,3650241.0
23,0.003,0.01,0.058282509999999996,3687604.3333333335
24,0.003,0.01,0.061289636666666675,3713935.0
25,0.003,0.01,0.06429671666666667,3733029.3333333335
26,0.003,0.01,0.06730376666666667,3747201.0
27,0.003,0.01,0.07031081666666666,3757922.0
28,0.003,0.01,0.07331781666666666,3766166.0
29,0.003,0.01,0.07623166666666667,3772399.6666666665
30,0.003,0.01,0.07923155000000001,3777460.0
31,0.003,0.01,0.08223852666666663,3781519.0
32,0.003,0.01,0.08524551333333333,3784813.3333333335
33,0.003,0.01,0.08825256666666667,3787565.3333333335
34,0.003,0.01,0.09125979000000001,3789806.0
35,0.003,0.01,0.09426703000000002,3791606.0
36,0.003,0.01,0.09727426666666668,3793154.0
37,0.003,0.01,0.10028153666666667,3794478.6666666665
38,0.003,0.01,0.10328873333333334,3795577.3333333335
39,0.003,0.01,0.10629589999999997,3796494.0
40,0.003,0.01,0.10930293333333334,3797266.6666666665
41,0.003,0.01,0.11230996666666666,3797926.3333333335
42,0.003,0.01,0.11531696666666667,3798491.6666666665
43,0.003,0.01,0.118324,3798978.6666666665
44,0.003,0.01,0.121331,3799395.6666666665
45,0.003,0.01,0.12433796666666666,3799729.6666666665
46,0.003,0.01,0.12761893333333335,3799929.0
47,0.003,0.01,0.13123296666666665,3799986.0
