,Dmix,Lmix,X,pressure
0,0.0035,0.01,0.0057298194,8499263.666666666
1,0.0035,0.01,0.013694063333333334,8497370.333333334
2,0.0035,0.01,0.01937728,8446058.666666666
3,0.0035,0.01,0.02388216,6463443.0
4,0.0035,0.01,0.025710573333333334,4894579.0
5,0.0035,0.01,0.026812393333333333,1905370.0666666667
6,0.0035,0.01,0.027199279999999996,1590628.0
7,0.0035,0.01,0.027214463333333327,1770455.0
