,Dmix,Lmix,X,pressure
0,0.004,0.04,0.006142579366666668,8499235.666666666
1,0.004,0.04,0.014379050000000003,8496512.666666666
2,0.004,0.04,0.020486183333333338,8305612.666666667
3,0.004,0.04,0.02445822333333333,5825838.333333333
4,0.004,0.04,0.02614125,4054670.0
5,0.004,0.04,0.027159423333333328,1204531.5666666667
6,0.004,0.04,0.027302716666666664,1201899.6666666667
7,0.004,0.04,0.027307206666666663,1215085.3333333333
