,Dmix,Lmix,X,pressure
0,0.003,0.03,0.0053508268,8499285.0
1,0.003,0.03,0.013060493333333334,8497928.0
2,0.003,0.03,0.01830708,8477904.666666666
3,0.003,0.03,0.02307425,7203249.0
4,0.003,0.03,0.025197533333333338,5191105.666666667
5,0.003,0.03,0.02634044666666667,3628299.3333333335
6,0.003,0.03,0.027178646666666664,1203553.2666666666
7,0.003,0.03,0.027364969999999995,1026181.3333333334
8,0.003,0.03,0.02736724333333334,1019945.6666666666
