,Dmix,Lmix,X,pressure
0,0.004,0.05,0.006142580033333335,8499235.666666666
1,0.004,0.05,0.014379053333333334,8496512.333333334
2,0.004,0.05,0.020486183333333338,8305613.0
3,0.004,0.05,0.02445822333333333,5825839.333333333
4,0.004,0.05,0.02614125,4054671.3333333335
5,0.004,0.05,0.027156053333333333,1209759.5
6,0.004,0.05,0.02729680666666667,1213455.0
7,0.004,0.05,0.027301263333333336,1226926.0
