,Dmix,Lmix,X,velocity
0,0.004,0.02,0.006142579700000001,1.4475870000000002
1,0.004,0.02,0.014379053333333334,2.960957666666666
2,0.004,0.02,0.020486183333333338,18.298808333333337
3,0.004,0.02,0.02445822333333333,89.09532999999998
4,0.004,0.02,0.02614125,133.1153
5,0.004,0.02,0.02717390666666667,243.5229333333333
6,0.004,0.02,0.027330650000000005,234.60180000000003
7,0.004,0.02,0.02733577666666667,232.0897999999999
