,Dmix,Lmix,X,velocity
0,0.004,0.05,0.006142580033333335,1.4475870000000002
1,0.004,0.05,0.014379053333333334,2.9609583333333327
2,0.004,0.05,0.020486183333333338,18.298808333333337
3,0.004,0.05,0.02445822333333333,89.09532333333333
4,0.004,0.05,0.02614125,133.11630000000002
5,0.004,0.05,0.027156053333333333,242.14336666666668
6,0.004,0.05,0.02729680666666667,233.4537
7,0.004,0.05,0.027301263333333336,231.22660000000002
