,Dmix,Lmix,X,velocity
0,0.003,0.03,0.0053508268,1.4026840000000003
1,0.003,0.03,0.013060493333333334,2.3319833333333335
2,0.003,0.03,0.01830708,7.176335333333332
3,0.003,0.03,0.02307425,55.07484333333333
4,0.003,0.03,0.025197533333333338,102.52574
5,0.003,0.03,0.02634044666666667,146.0632
6,0.003,0.03,0.027178646666666664,235.68653333333336
7,0.003,0.03,0.027364969999999995,247.48360000000002
8,0.003,0.03,0.02736724333333334,248.64583333333331
