,Dmix,Lmix,X,velocity
0,0.0035,0.01,0.0057298194,1.4226369999999997
1,0.0035,0.01,0.013694063333333334,2.6024190000000003
2,0.0035,0.01,0.01937728,10.613240333333332
3,0.0035,0.01,0.02388216,74.53617333333332
4,0.0035,0.01,0.025710573333333334,109.26263333333333
5,0.0035,0.01,0.026812393333333333,210.12733333333333
6,0.0035,0.01,0.027199279999999996,197.33329999999998
7,0.0035,0.01,0.027214463333333327,181.74373333333332
