,Dmix,Lmix,X,velocity
0,0.004,0.04,0.006142579366666668,1.447586666666667
1,0.004,0.04,0.014379050000000003,2.9609569999999996
2,0.004,0.04,0.020486183333333338,18.298808333333337
3,0.004,0.04,0.02445822333333333,89.09536666666665
4,0.004,0.04,0.02614125,133.11673333333334
5,0.004,0.04,0.027159423333333328,242.57830000000004
6,0.004,0.04,0.027302716666666664,234.42326666666662
7,0.004,0.04,0.027307206666666663,232.2179
