,Dmix,Lmix,X,velocity
0,0.003,0.02,0.005350826466666667,1.4026840000000003
1,0.003,0.02,0.013060493333333334,2.3319833333333335
2,0.003,0.02,0.01830708,7.176335333333332
3,0.003,0.02,0.02307425,55.07483666666666
4,0.003,0.02,0.02519753666666667,102.52570999999999
5,0.003,0.02,0.02634044666666667,146.06046666666666
6,0.003,0.02,0.027112379999999995,195.41490000000002
7,0.003,0.02,0.027224839999999997,150.9281333333333
8,0.003,0.02,0.02722794333333334,151.6582666666667
