,Dmix,Lmix,X,velocity
0,0.003,0.04,0.0053508264,1.4026840000000003
1,0.003,0.04,0.013060493333333334,2.3319833333333335
2,0.003,0.04,0.01830708,7.176335333333332
3,0.003,0.04,0.02307425,55.07484333333333
4,0.003,0.04,0.02519753666666667,102.52571333333331
5,0.003,0.04,0.02634044666666667,146.06423333333333
6,0.003,0.04,0.02715695666666667,245.11056666666667
7,0.003,0.04,0.027381256666666666,256.94436666666667
8,0.003,0.04,0.027389700000000003,250.04523333333336
