,Dmix,Lmix,X,velocity
0,0.003,0.01,0.0053508260666666665,1.4026840000000003
1,0.003,0.01,0.013060493333333334,2.331983
2,0.003,0.01,0.01830708,7.176335333333332
3,0.003,0.01,0.02307425,55.074839999999995
4,0.003,0.01,0.02519753666666667,102.52574999999999
5,0.003,0.01,0.02634044666666667,146.0645
6,0.003,0.01,0.027096373333333333,225.53383333333335
7,0.003,0.01,0.027194003333333334,203.74570000000003
8,0.003,0.01,0.02719679333333334,203.5355
