,Dmix,Lmix,X,velocity
0,0.004,0.03,0.006142579366666668,1.4475873333333338
1,0.004,0.03,0.014379050000000003,2.960957666666666
2,0.004,0.03,0.020486183333333338,18.298808333333337
3,0.004,0.03,0.02445822333333333,89.09533666666667
4,0.004,0.03,0.02614125,133.11553333333333
5,0.004,0.03,0.027169523333333334,241.71256666666667
6,0.004,0.03,0.027322020000000002,232.1346666666667
7,0.004,0.03,0.027326976666666666,229.69296666666665
